-14.0234537,5.9516579,5.0,-1.5726193376317987
-14.0238209,5.7502331,5.0,-1.5721923329254397
-14.0240983,5.5515235,5.0,-1.5724970455399532
-14.0244372,5.352255,5.0,-1.5723322334326852
-14.0247444,5.152243,5.0,-1.5713608775676262
-14.0248567,4.9533238,5.0,-1.5696146532163526
-14.0246209,4.7537764,5.0,-1.5674572252872465
-14.0239543,4.5541426,5.0,-1.5652381183528619
-14.0228468,4.3548898,5.0,-1.5632588894044899
-14.021343,4.1553828,5.0,-1.5617912109230818
-14.0195469,3.9559349,5.0,-1.561030832043858
-14.0175992,3.7564941,5.0,-1.5610953317921852
-14.0156619,3.5567992,5.0,-1.5620430758506452
-14.0139182,3.3575983,5.0,-1.5638687326637817
-14.0125361,3.158095,5.0,-1.5665246242401571
-14.0116818,2.9581057,5.0,-1.5699114553649194
-14.0115058,2.7592068,5.0,-1.573880768462359
-14.0121215,2.5595927,5.0,-1.578352602358582
-14.0136327,2.3596038,5.0,-1.5831578580357475
-14.0160884,2.1609573,5.0,-1.5876768893591573
-14.0194668,1.9608408,5.0,-1.590162244094211
-14.0233266,1.7615568,5.0,-1.5869391609300088
-14.0265566,1.5614854,4.8141038,-1.5630344211960068
-14.0250047,1.3615514,4.5318297,-1.5069992080322296
-14.012234,1.1616463,4.3414081,-1.4202834440726153
-13.9823325,0.9644847,4.2471237,-1.3074282717933523
-13.9302167,0.7711992,4.196165,-1.1789612517775203
-13.8534323,0.5853713,4.1588988,-1.0451280776627054
-13.7547732,0.4153025,4.142353,-0.9088575869315303
-13.6293346,0.254322,4.1257409,-0.7788199888460704
-13.487206,0.1140511,4.1550157,-0.7036388570197557
-13.33979,-0.0110355,4.3724635,-0.6630041731752516
-13.1859315,-0.1311882,4.5914,-0.5818694537879471
-13.0178902,-0.2417331,4.7043886,-0.47911132612811347
-12.8375401,-0.3354217,4.7172115,-0.3749326449420906
-12.6535375,-0.4078357,4.7038099,-0.27474378449989856
-12.4601916,-0.4623345,4.7244122,-0.1812593159011843
-12.2634931,-0.4983836,4.7732754,-0.10044939909740967
-12.0644101,-0.5184489,4.8631971,-0.03737461528269404
-11.865135,-0.5259002,5.0,0.004942796747503173
-11.6658365,-0.5249151,5.0,0.025346464331817697
-11.466522,-0.5198621,5.0,0.034325687385177536
-11.2670705,-0.5130131,5.0,0.03878384270780839
-11.0675952,-0.5052728,5.0,0.042793857839177316
-10.8682491,-0.4967368,5.0,0.046500394207039164
-10.6688484,-0.4874579,5.0,0.04982998415868183
-10.4695192,-0.4775171,5.0,0.052850625989508536
-10.2702598,-0.4669763,5.0,0.0555574885501785
-10.0709133,-0.4558897,5.0,0.0579458533725764
-9.871709,-0.4443337,5.0,0.06002889322505548
-9.672503,-0.4323612,5.0,0.061813952413867244
-9.4732165,-0.4200268,5.0,0.0633042099258209
-9.2741028,-0.4074052,5.0,0.06450696534177616
-9.0749251,-0.394539,5.0,0.06542834479194487
-8.8757168,-0.3814865,5.0,0.06607234404749046
-8.6766165,-0.3683123,5.0,0.06644582778755546
-8.4774499,-0.355059,5.0,0.06655136682391226
-8.2782985,-0.3417856,5.0,0.06639304806092167
-8.0791611,-0.3285448,5.0,0.06597472466933746
-7.8799954,-0.3153858,5.0,0.06529746171373904
-7.6808378,-0.3023628,5.0,0.06436379553499307
-7.4816518,-0.2895247,5.0,0.06317390877843715
-7.282482,-0.2769256,5.0,0.061728871980174474
-7.0832518,-0.2646117,5.0,0.06002765658732569
-6.8840134,-0.2526375,5.0,0.05806946466426172
-6.6848161,-0.2410572,5.0,0.05585182399077106
-6.4854742,-0.229912,5.0,0.053371807954572685
-6.2861838,-0.2192654,5.0,0.050627676565174626
-6.0868922,-0.2091671,5.0,0.047613978030201745
-5.8874588,-0.1996641,5.0,0.04432681944918692
-5.6881188,-0.1908222,5.0,0.040761101710092756
-5.4886984,-0.1826891,5.0,0.03691073923777192
-5.2891859,-0.1753216,5.0,0.03277048754483134
-5.0898004,-0.1687853,5.0,0.028333360991649507
-4.8902446,-0.1631297,5.0,0.023593573606880015
-4.6906722,-0.1584202,5.0,0.018542979047127522
-4.4912503,-0.1547219,5.0,0.013176006203300913
-4.2915883,-0.152091,5.0,0.0074967859329799135
-4.0919865,-0.1505946,5.0,0.0014656401196747836
-3.8925516,-0.1503023,5.0,-0.0048865964719964775
-3.6928641,-0.1512781,5.0,-0.011295817603168622
-3.493312,-0.1535323,5.0,-0.017490660040132604
-3.2938716,-0.157021,5.0,-0.02329978796828615
-3.0942793,-0.1616723,5.0,-0.028766887555625932
-2.8947959,-0.1674124,5.0,-0.03388292723484889
-2.6953883,-0.1741715,5.0,-0.03863501599084333
-2.4959277,-0.1818815,5.0,-0.043025203029381086
-2.2965445,-0.1904653,5.0,-0.04705222167694944
-2.097207,-0.1998515,5.0,-0.050714353428054165
-1.8978803,-0.2099689,5.0,-0.05401427961121674
-1.698603,-0.2207432,5.0,-0.05695229548779756
-1.499343,-0.2321038,5.0,-0.059531726501055995
-1.3001304,-0.2439773,5.0,-0.06175503831690763
-1.1009444,-0.2562937,5.0,-0.06362545564944566
-0.9017463,-0.2689849,5.0,-0.06514527425972473
-0.7026157,-0.2819757,5.0,-0.06631926984567883
-0.5034925,-0.2952008,5.0,-0.06715001854982433
-0.3043241,-0.3085951,5.0,-0.0676415141094364
-0.1052389,-0.3220821,5.0,-0.06779747319594397
0.0938582,-0.3356011,5.0,-0.06762250560877407
0.2930394,-0.3490908,5.0,-0.06711922346070116
0.4921135,-0.3624726,5.0,-0.06629558553133219
0.6912237,-0.3756921,5.0,-0.06515390041518603
0.8904658,-0.3886919,5.0,-0.06370151445141906
1.0895524,-0.4013912,5.0,-0.06194706055940084
1.2887143,-0.4137445,5.0,-0.05989522698884795
1.4880691,-0.4256992,5.0,-0.05755694838808849
1.6871698,-0.4371715,5.0,-0.05494358883674214
1.8864209,-0.4481301,5.0,-0.05206378965717332
2.0859109,-0.4585257,5.0,-0.048932351919871185
2.2850249,-0.4682766,5.0,-0.04556638061225327
2.4844067,-0.477368,5.0,-0.041974736794727636
2.68395,-0.4857487,5.0,-0.03818075810178885
2.8831394,-0.4933576,5.0,-0.034202601342384543
3.0827101,-0.5001861,5.0,-0.030054876900267934
3.282195,-0.5061834,5.0,-0.02576352166556955
3.4815064,-0.5113195,5.0,-0.021350852429768984
3.681365,-0.5155873,5.0,-0.0168344876352166
3.8806038,-0.5189417,5.0,-0.012216997248424176
4.0801028,-0.5213791,5.0,-0.0075963095055604085
4.279946,-0.5228972,5.0,-0.003299222743525452
4.4791134,-0.5235543,5.0,-0.0005168239754048086
4.6791815,-0.5236577,5.0,0.0006192719677995046
4.8786092,-0.5235342,5.0,0.0008332388902307613
5.0784318,-0.5233677,5.0,0.0005630322602635891
5.2780651,-0.5232553,5.0,0.00017716352007729697
5.4778805,-0.5232199,5.0,-7.721647623809276e-05
5.6773198,-0.5232353,5.0,-0.0001280173456514459
5.8772927,-0.5232609,5.0,-0.0001041881634465318
6.0769315,-0.5232817,5.0,-0.00020606089484726976
6.2763871,-0.5233228,5.0,-0.0007155859113379221
6.4765028,-0.523466,5.0,-0.002019767679269623
6.6754363,-0.5238678,5.0,-0.0037681605159364012
6.8756126,-0.5246221,5.0,-0.003982883741039338
7.0753412,-0.5254176,5.0,0.0032507057827183797
7.273882,-0.5247722,5.0,0.02349800567504759
7.4744621,-0.5200581,5.0,0.05680882111291685
7.6737798,-0.5087229,5.0,0.1009013021636659
7.8714298,-0.4887118,5.0,0.15301906670231005
8.0692088,-0.4582094,5.0,0.20979396617733928
8.2645912,-0.4166072,5.0,0.26778064447185773
8.4566758,-0.3639049,5.0,0.32745351724274024
8.6450537,-0.2999163,4.9444281,0.3926325270697743
8.8296162,-0.2234824,4.7725686,0.4653091256827213
9.0077869,-0.1340267,4.6175487,0.5474392686833476
9.1779953,-0.0302698,4.4930236,0.6420542672552463
9.3377546,0.0891889,4.4157226,0.751257322450978
9.4835664,0.2253695,4.398155,0.8721847019375785
9.6117308,0.3779611,4.380517,0.9907755355191039
9.7209619,0.5446757,4.3893986,1.1010255016888
9.8112679,0.7225563,4.4332254,1.2020078914486945
9.8833112,0.90897,4.507934,1.2936857470700813
9.9377731,1.1004483,4.6055525,1.375125768969267
9.9765129,1.2958999,4.7291154,1.4447859792312832
10.0016156,1.4940558,4.8847205,1.500318630929957
10.0156942,1.6934846,5.0,1.5392121957430602
10.0219768,1.8923348,5.0,1.5604823403531118
10.0240348,2.0918626,5.0,1.5686415383499235
10.0244667,2.2922996,5.0,1.5699277189615268
10.0246392,2.4908932,5.0,1.5700788920482474
10.0247824,2.6904932,5.0,1.57044346108568
10.0248531,2.8908527,5.0,1.5711273977975322
10.0247873,3.0896016,5.0,1.572448075052663
10.0244569,3.2896319,5.0,1.5743426421602782
10.023749,3.4892467,5.0,1.5765501895728153
10.0226013,3.6887105,5.0,1.5787109513038722
10.0210166,3.8889306,5.0,1.5805501998158833
10.0190738,4.0881067,5.0,1.5817974361093963
10.0168751,4.2879603,5.0,1.5823160211489653
10.0145759,4.4875401,5.0,1.5819596191685357
10.012346,4.6872847,5.0,1.5806637104413737
10.0103771,4.8868144,5.0,1.5783878411855905
10.0088596,5.0867048,5.0,1.5751740179838993
10.0079864,5.2861694,5.0,1.5710589959477974
10.0079339,5.4860406,5.0,1.5661177530090615
10.0088684,5.6857795,5.0,1.5606407950939347
10.0108909,5.8849252,5.0,1.554876896895007
10.0140816,6.0853363,5.0,1.5487364532962185
10.0184729,6.2843668,5.0,1.5457006139578209
10.0234834,6.4839805,5.0,1.5544123164314856
10.0267441,6.6829799,5.0,1.5876159298587826
10.0233936,6.8821632,4.9276184,1.6494217779969593
10.0077409,7.0808321,4.8208571,1.7335464764984485
9.9753314,7.2782073,4.7588589,1.8306160011318617
9.9240814,7.4710008,4.739451,1.9347504760233545
9.852309,7.6594174,4.720294,2.040449000017165
9.7606757,7.8399653,4.6824526,2.1468622213591715
9.6530599,8.0056402,4.6638239,2.2470196929159076
9.5296518,8.1594324,4.6451205,2.263068472764883
9.4056963,8.3089271,4.2829532,2.2651696571373496
9.2788523,8.4612529,4.2659139,2.3911965524393755
9.1290564,8.6009131,4.2488062,2.520921269759222
8.9692862,8.7151365,4.236466,2.6482093805569447
8.7919353,8.8105055,4.2476231,2.7751698314499427
8.6045765,8.8824051,4.2615939,2.8951593792242463
8.411266,8.9310316,4.2838318,2.9973743468549694
8.2133449,8.959775,4.3882526,3.0757215971714706
8.014118,8.9729173,4.5662718,3.1240916063689466
7.8143275,8.9764142,4.7748809,-3.134063663219555
7.6152209,8.9749151,4.9731821,-3.125453064128668
7.4154748,8.971691,5.0,-3.1232784472831736
7.2160017,8.9680374,5.0,-3.123381215502079
7.0165008,8.9644038,5.0,-3.1234700056587505
6.8168333,8.9607849,5.0,-3.1235538967229393
6.6174066,8.9571871,5.0,-3.1236834149131703
6.4178103,8.9536121,5.0,-3.12381621629727
6.2182244,8.9500638,5.0,-3.123957624285778
6.0188238,8.946547,5.0,-3.1241166713797286
5.8191472,8.9430571,5.0,-3.1242896557667774
5.6196121,8.9396042,5.0,-3.1244778965296516
5.4201546,8.9361902,5.0,-3.1246821515072867
5.2204989,8.9328136,5.0,-3.124903443685183
5.0209933,8.9294837,5.0,-3.1251429672329096
4.8214695,8.9262013,5.0,-3.125400412283711
4.6218543,8.9229688,5.0,-3.125677505897575
4.4223631,8.9197936,5.0,-3.1259742398239663
4.2227944,8.9166764,5.0,-3.126290831424647
4.0232063,8.9136221,5.0,-3.1266294842971862
3.823718,8.9106369,5.0,-3.126988704429363
3.6241218,8.9077218,5.0,-3.1273711336705463
3.4245504,8.9048834,5.0,-3.1277755873506785
3.2250562,8.9021268,5.0,-3.128203336341143
3.0254463,8.899454,5.0,-3.128655072936357
2.8258838,8.896872,5.0,-3.1291300457695126
2.6263773,8.8943855,5.0,-3.1296300575807954
2.4267646,8.8919975,5.0,-3.130154458721428
2.2272051,8.8897148,5.0,-3.13070397275358
2.0276755,8.8875421,5.0,-3.1312789375546317
1.8280746,8.8854834,5.0,-3.1318791177916636
1.628514,8.8835449,5.0,-3.1325045732070786
1.4289614,8.8817313,5.0,-3.1331558807985345
1.2293756,8.8800474,5.0,-3.1338334210015404
1.0298109,8.8784989,5.0,-3.134536091803095
0.8302411,8.8770906,5.0,-3.1352647340927353
0.6306679,8.8758277,5.0,-3.1360197572970128
0.4310969,8.8747155,5.0,-3.1367991574401928
0.2315155,8.8737588,5.0,-3.137603941411539
0.0319534,8.8729628,5.0,-3.1384380662126596
-0.1676283,8.8723332,5.0,-3.139288900406617
-0.3672153,8.8718734,5.0,-3.14012696603378
-0.5667802,8.8715809,5.0,-3.1409202749785705
-0.7663701,8.8714467,5.0,3.1415265158912025
-0.9659537,8.8714599,5.0,3.140837515839232
-1.1655199,8.8716106,5.0,3.1401978104073014
-1.3651121,8.871889,5.0,3.1396094816072218
-1.5646911,8.8722848,5.0,3.1390712075554483
-1.7642587,8.872788,5.0,3.138582561205268
-1.9638533,8.8733888,5.0,3.1381438056689586
-2.1634264,8.8740771,5.0,3.1377559099483183
-2.3629957,8.8748428,5.0,3.137416765487582
-2.5625928,8.8756763,5.0,3.1371275049908296
-2.7621593,8.8765674,5.0,3.136888106379262
-2.9617307,8.8775063,5.0,3.1366979104581536
-3.161331,8.8784833,5.0,3.1365571027397015
-3.3608904,8.8794882,5.0,3.1364657833073903
-3.5604646,8.8805114,5.0,3.136423472314965
-3.7600689,8.8815432,5.0,3.136430130135691
-3.9596207,8.8825734,5.0,3.136485922686684
-4.1591987,8.8835926,5.0,3.136590237925862
-4.3588006,8.8845911,5.0,3.1367433095895243
-4.5583518,8.8855588,5.0,3.1369449873051414
-4.7579344,8.8864864,5.0,3.1371957781941813
-4.9575294,8.887364,5.0,3.1374940673810037
-5.1570849,8.8881819,5.0,3.1378409445109616
-5.356673,8.8889307,5.0,3.138236240208733
-5.5562603,8.8896006,5.0,3.1386792581714182
-5.7558207,8.890182,5.0,3.1391702456752157
-5.9554151,8.8906655,5.0,3.1397091873488994
-6.1549937,8.8910414,5.0,3.1402958369811023
-6.3545592,8.8913002,5.0,3.140929332018655
-6.5541607,8.8914326,5.0,-3.1415741135247117
-6.7537285,8.8914289,5.0,-3.140845551193858
-6.9532995,8.8912798,5.0,-3.1400696765834506
-7.1529084,8.8909758,5.0,-3.1392469339649844
-7.352463,8.8905077,5.0,-3.138377343365882
-7.5520387,8.889866,5.0,-3.137461176445818
-7.7516514,8.8890413,5.0,-3.1364990739912932
-7.951195,8.8880249,5.0,-3.135488740107762
-8.1507694,8.8868067,5.0,-3.13443586892794
-8.3503668,8.8853782,5.0,-3.1334038997122677
-8.5499043,8.8837442,5.0,-3.132729145733791
-8.7495153,8.8819749,5.0,-3.1325248955860774
-8.9490961,8.8801651,5.0,-3.132782701675049
-9.1487061,8.8784065,5.0,-3.1335055838421986
-9.3482796,8.8767925,5.0,-3.1346609008861837
-9.5478796,8.8754089,5.0,-3.1361502667063728
-9.7475143,8.8743224,5.0,-3.13769192344958
-9.9470144,8.8735442,5.0,-3.139074589712032
-10.1466912,8.8730414,5.0,-3.1402336014455043
-10.3463155,8.8727701,5.0,-3.141175422992282
-10.5457256,8.8726869,5.0,3.1412612892668306
-10.7455057,8.8727531,5.0,3.1406717844852894
-10.9450997,8.8729369,5.0,3.140212426828993
-11.1444871,8.8732121,5.0,3.1398460834510473
-11.3443071,8.8735611,5.0,3.1395180363870727
-11.5438617,8.8739751,5.0,3.139220722018591
-11.7432347,8.874448,5.0,3.140160522282486
-11.9431464,8.8747343,5.0,-3.1346330338390604
-12.1426081,8.8733461,4.6349969,-3.1009919733352165
-12.3417465,8.8652565,4.4179628,-3.027089631213823
-12.5397743,8.8424821,4.2968362,-2.922596916467234
-12.7346498,8.7991096,4.2315604,-2.80007106062763
-12.9226983,8.7322678,4.2116243,-2.6680393212947178
-13.1010666,8.640864,4.1940386,-2.5328607599182873
-13.266242,8.5257313,4.1680176,-2.3964682788765908
-13.4125422,8.3907649,4.1514355,-2.2602385677306907
-13.5378223,8.2387995,4.1347869,-2.146931605445667
-13.6465321,8.0714658,4.1680836,-2.1090880077438863
-13.7475521,7.9022842,4.3987964,-2.0480153941181207
-13.8375623,7.7282106,4.616284,-1.949625036906263
-13.9121141,7.5409205,4.6527802,-1.840213160798343
-13.9660826,7.3454748,4.647917,-1.7387488521921382
-13.9991388,7.1505102,4.6567409,-1.657711563346774
-14.0166041,6.9500701,4.7758775,-1.6009400306014105
-14.0226117,6.7508318,4.9741313,-1.574853808517879
-14.0234256,6.5502405,5.0,-1.5683906772468181
-14.0229452,6.3505443,5.0,-1.570749575814032
-14.0229358,6.149479,5.0,-1.573414342854698
